issue_id,title,start,end,total_reactions,total_comments,new_reactions,new_comments,issue_url
flutter/flutter#128313,"Add support for visionOS",2024-01-24,2024-02-20,262,15,50,2,https://github.com/flutter/flutter/issues/128313
flutter/flutter#53041,"Enable ""hot reload"" (not just ""hot restart"") for Flutter Web",2024-01-24,2024-02-20,976,149,27,3,https://github.com/flutter/flutter/issues/53041
flutter/flutter#46789,"Improve the indexability (SEO) of Flutter apps on the web ",2024-01-24,2024-02-20,720,189,25,1,https://github.com/flutter/flutter/issues/46789
flutter/flutter#138614,"Preserve WillPopScope as an alternate for PopScope",2024-01-24,2024-02-20,104,27,23,7,https://github.com/flutter/flutter/issues/138614
flutter/flutter#83596,"Android crash: Fatal Exception: java.lang.RuntimeException java.util.concurrent.ExecutionException: java.lang.UnsatisfiedLinkError: dalvik.system.PathClassLoader[DexPathList[[zip file ""/system/framework/android.test.runner.jar"", zip file ""/system/framework/org.apache.http.legacy.boot.jar""........",2024-01-24,2024-02-20,352,238,23,3,https://github.com/flutter/flutter/issues/83596
flutter/flutter#69540,"[Request] Add option to disable fontPadding (or trim font height)",2024-01-24,2024-02-20,43,9,21,2,https://github.com/flutter/flutter/issues/69540
flutter/flutter#115912,"Support tone-based surface and surface container `ColorScheme` roles",2024-01-24,2024-02-20,98,12,14,2,https://github.com/flutter/flutter/issues/115912
flutter/flutter#114620,"Web autofill throw exception when using html InputElement",2024-02-01,2024-02-15,27,21,14,7,https://github.com/flutter/flutter/issues/114620
flutter/flutter#126005,"☂️ Add Swift Package Manager compatibility",2024-01-24,2024-02-20,85,6,13,0,https://github.com/flutter/flutter/issues/126005
flutter/flutter#112915,"[go_router] Redirection with Riverpod example",2024-01-24,2024-02-20,48,18,13,1,https://github.com/flutter/flutter/issues/112915
flutter/flutter#30701,"Support multiple windows for desktop shells",2024-01-24,2024-02-20,554,106,13,2,https://github.com/flutter/flutter/issues/30701
flutter/flutter#139289,"Allow to provide compile-time variables for native platforms from a file",2024-01-24,2024-02-20,45,6,12,2,https://github.com/flutter/flutter/issues/139289
flutter/flutter#31713,"Implement PlatformView support on Windows",2024-01-24,2024-02-20,355,31,11,0,https://github.com/flutter/flutter/issues/31713
flutter/flutter#138737,"PopScope seems to be incompatible with GoRouter",2024-01-24,2024-02-20,39,8,11,2,https://github.com/flutter/flutter/issues/138737
flutter/flutter#41722,"Implement PlatformView support on macOS",2024-01-24,2024-02-20,593,55,10,0,https://github.com/flutter/flutter/issues/41722
flutter/flutter#33850,"Investigate Swift Package Manager for Swift plugins",2024-01-24,2024-02-20,194,44,10,0,https://github.com/flutter/flutter/issues/33850
flutter/flutter#128059,"[Web] CanvasKit error on web app after hot restart/hot reload",2024-01-24,2024-02-20,65,26,10,0,https://github.com/flutter/flutter/issues/128059
flutter/flutter#139338,"Add neutral Material themes",2024-01-24,2024-02-20,185,9,10,1,https://github.com/flutter/flutter/issues/139338
flutter/flutter#62597,"[Windows] ☂️  Add support for Arm64 as a target",2024-01-24,2024-02-20,30,22,9,0,https://github.com/flutter/flutter/issues/62597
flutter/flutter#60240,"Make it easier to upload Android native debug symbols for release builds",2024-01-24,2024-02-20,223,55,8,1,https://github.com/flutter/flutter/issues/60240
flutter/flutter#132735,"[Impeller] Blur performance issue.",2024-01-24,2024-02-20,78,31,8,2,https://github.com/flutter/flutter/issues/132735
flutter/flutter#41737,"Distribute Flutter as a Flatpak",2024-01-24,2024-02-20,237,45,7,1,https://github.com/flutter/flutter/issues/41737
flutter/flutter#138624,"PopScope does not invoke `onPopInvoked` for iOS back gesture when `canPop` set to false",2024-01-24,2024-02-20,36,31,7,13,https://github.com/flutter/flutter/issues/138624
flutter/flutter#18345,"SliverAppBar flexibleSpace with height depending on children",2024-01-24,2024-02-20,224,56,7,2,https://github.com/flutter/flutter/issues/18345
flutter/flutter#41725,"[webview_flutter] Add macOS support",2024-01-24,2024-02-20,358,50,6,0,https://github.com/flutter/flutter/issues/41725
flutter/flutter#37597,"[webview_flutter] Add Windows support",2024-01-24,2024-02-20,272,43,6,0,https://github.com/flutter/flutter/issues/37597
flutter/flutter#62960,"[proposal] Provide a way to close a specific dialog",2024-01-24,2024-02-20,81,16,6,1,https://github.com/flutter/flutter/issues/62960
flutter/flutter#124205,"Keyboard issue on mobile Web platform",2024-01-24,2024-02-20,35,38,6,3,https://github.com/flutter/flutter/issues/124205
flutter/flutter#26134,"Support home and lock screen widgets",2024-01-24,2024-02-20,311,50,6,0,https://github.com/flutter/flutter/issues/26134
flutter/flutter#33577,"[web] Support compute on separate thread in Flutter Web",2024-01-24,2024-02-20,302,101,6,6,https://github.com/flutter/flutter/issues/33577
flutter/flutter#112196,"[go_router] ShellRoutes seem to cause NavigatorObserver to not fire (5.0.1)",2024-01-24,2024-02-20,84,45,6,1,https://github.com/flutter/flutter/issues/112196
flutter/flutter#65504,"Ctrl+F support, finding text on a page (even when scrolled off screen)",2024-01-24,2024-02-20,104,13,6,0,https://github.com/flutter/flutter/issues/65504
flutter/flutter#129640,"Support eye tracking when running on visionOS",2024-01-24,2024-02-20,42,0,6,0,https://github.com/flutter/flutter/issues/129640
flutter/flutter#45296,"[path_provider] Add support for web",2024-01-24,2024-02-20,231,41,5,0,https://github.com/flutter/flutter/issues/45296
flutter/flutter#52207,"ListView: Poor performance with many variable-extent items + jumpTo (scroll bar, trackpad, mouse wheels)",2024-01-24,2024-02-20,156,115,5,6,https://github.com/flutter/flutter/issues/52207
flutter/flutter#139292,"New DOM renderer for Flutter web",2024-01-24,2024-02-20,63,27,5,0,https://github.com/flutter/flutter/issues/139292
flutter/flutter#114012,"Camera CameraCaptureSession.close() crash",2024-01-24,2024-02-20,35,50,5,1,https://github.com/flutter/flutter/issues/114012
flutter/flutter#41980,"[Desktop] - Splash screen or background color customization",2024-01-24,2024-02-20,151,11,5,0,https://github.com/flutter/flutter/issues/41980
flutter/flutter#31191,"PageView should preload pages",2024-01-24,2024-02-20,139,44,5,0,https://github.com/flutter/flutter/issues/31191
flutter/flutter#105672,"[Proposal] Access l18n Translations with Dynamic Keys",2024-01-24,2024-02-20,78,16,5,0,https://github.com/flutter/flutter/issues/105672
flutter/flutter#64739,"[shared_preferences] Be able to specify the suiteName in SharedPreferences iOS",2024-01-24,2024-02-20,76,19,5,0,https://github.com/flutter/flutter/issues/64739
flutter/flutter#94340,"[Feature Request] Support for Jetbrains Fleet
",2024-01-24,2024-02-20,427,19,5,0,https://github.com/flutter/flutter/issues/94340
flutter/flutter#56665,"[video_player] Better exception message on iOS devices if the video fails to play",2024-01-24,2024-02-20,149,63,5,3,https://github.com/flutter/flutter/issues/56665
flutter/flutter#104509,"Flutter web - Need documentation on how to conditionally display a ""Refresh. New Version is available."" prompt when updated code is deployed to production.",2024-01-24,2024-02-20,48,21,5,3,https://github.com/flutter/flutter/issues/104509
flutter/flutter#55809,"Support iPadOS pointer interactions",2024-01-24,2024-02-20,55,11,5,0,https://github.com/flutter/flutter/issues/55809
flutter/flutter#14330,"Code Push / Hot Update / out of band updates",2024-01-24,2024-02-20,1949,279,5,2,https://github.com/flutter/flutter/issues/14330
flutter/flutter#18443,"Support soft hyphenation (line breaks at U+00AD plus rendering a hyphen at the end of the line)",2024-01-24,2024-02-20,275,39,5,0,https://github.com/flutter/flutter/issues/18443
flutter/flutter#65065,"Bundling assets only on a specific platform (and remove assets on another platform)",2024-01-24,2024-02-20,107,13,5,0,https://github.com/flutter/flutter/issues/65065
flutter/flutter#61069,"[proposal] ability to change text overflow on the TextField",2024-01-24,2024-02-20,47,22,4,2,https://github.com/flutter/flutter/issues/61069
flutter/flutter#127852,"[Impeller] Implement Wide Gamut colors for Vulkan",2024-01-24,2024-02-20,22,3,4,0,https://github.com/flutter/flutter/issues/127852
flutter/flutter#47600,"Server-side rendering for Flutter web",2024-01-24,2024-02-20,592,57,4,0,https://github.com/flutter/flutter/issues/47600
flutter/flutter#64958,"Make it easy to use C# for Windows plugins",2024-01-24,2024-02-20,204,65,4,3,https://github.com/flutter/flutter/issues/64958
flutter/flutter#64491,"Colorized console output does not work in iOS builds but works for Android builds",2024-01-24,2024-02-20,48,42,4,3,https://github.com/flutter/flutter/issues/64491
flutter/flutter#81777,"[flutter_markdown] Relative anchors",2024-01-24,2024-02-20,32,8,4,1,https://github.com/flutter/flutter/issues/81777
flutter/flutter#5813,"specify assets that are for development only",2024-01-24,2024-02-20,22,6,4,2,https://github.com/flutter/flutter/issues/5813
flutter/flutter#61229,"AVIF codec support",2024-01-24,2024-02-20,143,22,4,0,https://github.com/flutter/flutter/issues/61229
flutter/flutter#123078,"[shared_preferences] Consider making async accessors, with optional caching layer",2024-01-24,2024-02-20,54,6,4,0,https://github.com/flutter/flutter/issues/123078
flutter/flutter#108683,"Add Dropdown support to `FilterChip`",2024-01-24,2024-02-20,28,7,4,1,https://github.com/flutter/flutter/issues/108683
flutter/flutter#110431,"Flutter adds additional one frame touch latency compared to native",2024-01-24,2024-02-20,277,23,4,0,https://github.com/flutter/flutter/issues/110431
flutter/flutter#25841,"Add a way to detect keyboard language",2024-01-24,2024-02-20,138,34,4,0,https://github.com/flutter/flutter/issues/25841
flutter/flutter#63693,"Add new Cupertino calendar date picker mode",2024-01-24,2024-02-20,118,33,4,0,https://github.com/flutter/flutter/issues/63693
flutter/flutter#73786,"[proposal] Allow Horizontal ListView with Vertical ListView Children Without Fixed Height",2024-01-24,2024-02-20,44,8,4,1,https://github.com/flutter/flutter/issues/73786
flutter/flutter#115751,"Building all integration test targets into a single application binary",2024-01-24,2024-02-20,37,12,4,0,https://github.com/flutter/flutter/issues/115751
flutter/flutter#134723,"Password bar in the keyboard is flashing when using `TextField` with `AutofillHints.password` on iOS 17",2024-01-24,2024-02-20,23,22,4,1,https://github.com/flutter/flutter/issues/134723
flutter/flutter#117937,"External Texture Support for Vulkan",2024-01-24,2024-02-20,18,3,4,0,https://github.com/flutter/flutter/issues/117937
flutter/flutter#143575,"[Web] App builds successfully, but then: ""The type 'JSObject' can't be used as supertype.""",2024-02-17,2024-02-19,17,28,4,10,https://github.com/flutter/flutter/issues/143575
flutter/flutter#101479,"Move the material and cupertino packages outside of Flutter",2024-01-24,2024-02-20,98,22,4,0,https://github.com/flutter/flutter/issues/101479
flutter/flutter#120353,"[go_router] ShellRoutes break iOS swipe back navigation",2024-01-24,2024-02-20,28,14,4,2,https://github.com/flutter/flutter/issues/120353
flutter/flutter#129638,"Support visionOS devices for iOS apps in `flutter devices`, `flutter run`, etc.",2024-01-24,2024-02-20,54,3,4,1,https://github.com/flutter/flutter/issues/129638
flutter/flutter#90612,"[flutter_tools] Add support for running custom scripts",2024-01-24,2024-02-20,35,7,4,0,https://github.com/flutter/flutter/issues/90612
flutter/flutter#51928,"[camera] Support for multiple cameras at once",2024-01-24,2024-02-20,82,9,3,0,https://github.com/flutter/flutter/issues/51928
flutter/flutter#60069,"[web] support offline PWA",2024-01-24,2024-02-20,60,35,3,7,https://github.com/flutter/flutter/issues/60069
flutter/flutter#139039,"Samsung phones running Android 14 stops drawing platform views on resume",2024-01-24,2024-02-20,57,51,3,4,https://github.com/flutter/flutter/issues/139039
flutter/flutter#42332,"2D TreeView widget",2024-01-24,2024-02-20,45,5,3,2,https://github.com/flutter/flutter/issues/42332
flutter/flutter#112281,"iOS  15+ save password prompt dismiss is pushing UI up and down",2024-01-24,2024-02-20,17,30,3,4,https://github.com/flutter/flutter/issues/112281
flutter/flutter#28901,"Flutter support for Apple Watch",2024-01-24,2024-02-20,239,41,3,2,https://github.com/flutter/flutter/issues/28901
flutter/flutter#67283,"Make ""fields"" in FormState not a private member",2024-01-24,2024-02-20,25,3,3,0,https://github.com/flutter/flutter/issues/67283
flutter/flutter#139861,"Version solving failed for `intl: 0.19.0` with `flutter_localizations`",2024-02-05,2024-02-20,16,4,3,0,https://github.com/flutter/flutter/issues/139861
flutter/flutter#45336,"Add TextOverflow  ""ellipsisStart"" , ""ellipsisMiddle""  and ""ellipsisEnd"" ",2024-01-24,2024-02-20,144,31,3,1,https://github.com/flutter/flutter/issues/45336
flutter/flutter#46979,"Support different dependencies when using flavors",2024-01-24,2024-02-20,120,20,3,0,https://github.com/flutter/flutter/issues/46979
flutter/flutter#120874,"Failed assertion node.isRepaintBoundary is not true when combining LayoutBuilder, AnimatedSwitcher and ProgressIndicator",2024-01-24,2024-02-20,34,14,3,1,https://github.com/flutter/flutter/issues/120874
flutter/flutter#110658,"coreLibraryDesugaringEnabled  option in android/app/build.gradle causes immediate flutter crash (java.lang.NoSuchMethod) on Android 12L/13 ",2024-01-24,2024-02-20,28,17,3,2,https://github.com/flutter/flutter/issues/110658
flutter/flutter#58498,"[web] Textfield 'autofocus: true' doesn't show up the keyboard",2024-01-24,2024-02-20,83,42,3,2,https://github.com/flutter/flutter/issues/58498
flutter/flutter#32045,"Flutter clipboard should support images",2024-01-24,2024-02-20,83,21,3,1,https://github.com/flutter/flutter/issues/32045
flutter/flutter#48381,"Use a system default font on flutter",2024-01-24,2024-02-20,61,27,3,0,https://github.com/flutter/flutter/issues/48381
flutter/flutter#109842,"Add suport for Android 13 per-app language preferences ",2024-01-24,2024-02-20,50,4,3,0,https://github.com/flutter/flutter/issues/109842
flutter/flutter#58997,"InteractiveViewer `constrained: false` custom default scale",2024-01-24,2024-02-20,34,25,3,0,https://github.com/flutter/flutter/issues/58997
flutter/flutter#32120,"Add option to smoothly animate stepped mouse scroll deltas",2024-01-24,2024-02-20,131,56,3,5,https://github.com/flutter/flutter/issues/32120
flutter/flutter#86295,"[integration_test] Allow driving native UI interactions from Dart",2024-01-24,2024-02-20,80,24,3,0,https://github.com/flutter/flutter/issues/86295
flutter/flutter#87789,"Request for `Wrap.builder` method ",2024-01-24,2024-02-20,52,10,3,0,https://github.com/flutter/flutter/issues/87789
flutter/flutter#137394,"[go_router_builder] add onExit parameter",2024-01-24,2024-02-20,16,0,3,0,https://github.com/flutter/flutter/issues/137394
flutter/flutter#37777,"Support 32-bit Windows as a target",2024-01-24,2024-02-20,122,39,3,0,https://github.com/flutter/flutter/issues/37777
flutter/flutter#77638,"Avoid requiring Visual Studio for Windows development",2024-01-24,2024-02-20,62,52,3,2,https://github.com/flutter/flutter/issues/77638
flutter/flutter#47928,"Add Support for tvOS",2024-01-24,2024-02-20,30,21,3,0,https://github.com/flutter/flutter/issues/47928
flutter/flutter#140869,"[go_router] WillPopScope/PopScope doesn't trigger with back button navigation on root screens",2024-02-15,2024-02-20,16,17,3,0,https://github.com/flutter/flutter/issues/140869
flutter/flutter#30541,"Space between text and underline",2024-01-24,2024-02-20,107,32,3,0,https://github.com/flutter/flutter/issues/30541
flutter/flutter#102560,"Support Material Symbols ",2024-01-24,2024-02-20,76,19,3,0,https://github.com/flutter/flutter/issues/102560
flutter/flutter#103163,"Flutter should support iOS 15's Secure Paste feature",2024-01-24,2024-02-20,57,34,3,0,https://github.com/flutter/flutter/issues/103163
flutter/flutter#125980,"Adding a Carousel Widget",2024-01-24,2024-02-20,32,9,3,0,https://github.com/flutter/flutter/issues/125980
flutter/flutter#42560,"Support for sheet presentation style",2024-01-24,2024-02-20,136,45,3,0,https://github.com/flutter/flutter/issues/42560
flutter/flutter#123095,"App crash on Android device with type FlutterJNI.nativeUpdateRefreshRate",2024-01-24,2024-02-20,57,34,3,0,https://github.com/flutter/flutter/issues/123095
flutter/flutter#53120,"Add Support for running Flutter on Windows ARM64",2024-01-24,2024-01-31,55,48,3,0,https://github.com/flutter/flutter/issues/53120
flutter/flutter#27650,"[camera] Allow controlling the preview and output mirroring",2024-01-24,2024-02-20,36,54,3,3,https://github.com/flutter/flutter/issues/27650
flutter/flutter#14050,"Let flutter be installable via homebrew",2024-01-24,2024-02-20,1002,83,2,0,https://github.com/flutter/flutter/issues/14050
flutter/flutter#29021,"Expo like tool for flutter",2024-01-24,2024-02-20,265,76,2,0,https://github.com/flutter/flutter/issues/29021
flutter/flutter#2057,"Support making Android Wear apps",2024-01-24,2024-02-20,95,20,2,0,https://github.com/flutter/flutter/issues/2057
flutter/flutter#34138,"[webview_flutter] make height of WebView the height of webpage",2024-01-24,2024-02-20,54,34,2,2,https://github.com/flutter/flutter/issues/34138
flutter/flutter#71098,"App Clip uncompressed size is larger than 10MB",2024-01-24,2024-02-20,45,42,2,7,https://github.com/flutter/flutter/issues/71098
flutter/flutter#84833,"[web][PWA] SafeArea Widget does not work on iOS Safari PWA",2024-01-24,2024-02-20,30,23,2,2,https://github.com/flutter/flutter/issues/84833
flutter/flutter#122258,"[go_router_builder] Define routes in separate files",2024-01-24,2024-02-20,29,7,2,1,https://github.com/flutter/flutter/issues/122258
flutter/flutter#28894,"Emoji size is off on iOS",2024-01-24,2024-02-20,132,183,2,0,https://github.com/flutter/flutter/issues/28894
flutter/flutter#77104,"Enable custom ""flutter create"" templates",2024-01-24,2024-02-20,60,26,2,1,https://github.com/flutter/flutter/issues/77104
flutter/flutter#50890,"How to remove 'I/flutter (13135):' in vscode debug console",2024-01-24,2024-02-20,36,13,2,0,https://github.com/flutter/flutter/issues/50890
flutter/flutter#115704,"Add support to define widget preview and see it in the IDE when developing",2024-01-24,2024-02-20,29,15,2,0,https://github.com/flutter/flutter/issues/115704
flutter/flutter#43582,"keep state inside SearchDelegate ",2024-01-24,2024-02-20,22,15,2,0,https://github.com/flutter/flutter/issues/43582
flutter/flutter#109813,"Flutter app flagged for missing accessibility content labels by Google Play Store",2024-01-24,2024-02-20,16,8,2,1,https://github.com/flutter/flutter/issues/109813
flutter/flutter#104889,"[webview_flutter][android] webview crashes when embedded in a scrollview",2024-01-24,2024-02-20,76,50,2,1,https://github.com/flutter/flutter/issues/104889
flutter/flutter#9707,"""Lost connection to device"" randomly when not doing anything in particular",2024-01-24,2024-02-20,43,43,2,0,https://github.com/flutter/flutter/issues/9707
flutter/flutter#8230,"Platform specific assets",2024-01-24,2024-02-20,38,8,2,0,https://github.com/flutter/flutter/issues/8230
flutter/flutter#51530,"[web]: Support for backend proxy",2024-01-24,2024-02-20,37,17,2,0,https://github.com/flutter/flutter/issues/51530
flutter/flutter#62118,"Video_Player issues - out of memory exception when choosing large file from phone to play",2024-01-24,2024-02-20,36,42,2,0,https://github.com/flutter/flutter/issues/62118
flutter/flutter#101031,"Flutter Integration testing fail when moving between tests",2024-01-24,2024-02-20,31,13,2,0,https://github.com/flutter/flutter/issues/101031
flutter/flutter#114324,"Extra page shown when swiping back in Safari on iOS ",2024-01-24,2024-02-20,20,25,2,1,https://github.com/flutter/flutter/issues/114324
flutter/flutter#54200,"allow Hero widgets to have transitions within the same screen",2024-01-24,2024-02-20,202,23,2,1,https://github.com/flutter/flutter/issues/54200
flutter/flutter#84957,"[camera] Taking pictures is too slow on some devices",2024-01-24,2024-02-20,70,50,2,0,https://github.com/flutter/flutter/issues/84957
flutter/flutter#105395,"Android build fails with certain plugins if project is in a different drive (from sdk)",2024-01-24,2024-02-20,47,27,2,1,https://github.com/flutter/flutter/issues/105395
flutter/flutter#53229,"[Proposal] Icon support Linux desktop application",2024-01-24,2024-02-20,38,33,2,0,https://github.com/flutter/flutter/issues/53229
flutter/flutter#114088,"Support for M3 Docked `DatePicker`",2024-01-24,2024-02-20,19,5,2,0,https://github.com/flutter/flutter/issues/114088
flutter/flutter#24213,"[google_maps_flutter] Support Widgets as markers",2024-01-24,2024-02-20,412,52,2,0,https://github.com/flutter/flutter/issues/24213
flutter/flutter#55324,"Support Firefox as a browser in flutter run",2024-01-24,2024-02-20,174,19,2,0,https://github.com/flutter/flutter/issues/55324
flutter/flutter#41726,"[webview_flutter] Add Linux support",2024-01-24,2024-02-20,87,4,2,0,https://github.com/flutter/flutter/issues/41726
flutter/flutter#26359,"App ignores proxy settings",2024-01-24,2024-02-20,50,38,2,0,https://github.com/flutter/flutter/issues/26359
flutter/flutter#91318,"[flutter_tools] Refactor Flutter SDK to support installation in read-only directory",2024-01-24,2024-02-20,25,24,2,0,https://github.com/flutter/flutter/issues/91318
flutter/flutter#69676,"Persistent bottom sheet does not respect SafeArea",2024-01-24,2024-02-20,20,8,2,0,https://github.com/flutter/flutter/issues/69676
flutter/flutter#19941,"Return index of the first visible item in ListView",2024-01-24,2024-02-20,198,27,2,0,https://github.com/flutter/flutter/issues/19941
flutter/flutter#46481,"Bringing Fluent Design to Flutter for additional Mobile design options and Desktop nativity",2024-01-24,2024-02-20,190,50,2,1,https://github.com/flutter/flutter/issues/46481
flutter/flutter#14230,"Provide an easy way to select the version of Flutter to use",2024-01-24,2024-02-20,126,50,2,0,https://github.com/flutter/flutter/issues/14230
flutter/flutter#33798,"[iOS 13] new fullscreen stack type route transition",2024-01-24,2024-02-20,98,16,2,0,https://github.com/flutter/flutter/issues/33798
flutter/flutter#69429,"Make tests compile and run faster",2024-01-24,2024-02-20,93,22,2,0,https://github.com/flutter/flutter/issues/69429
flutter/flutter#18636,"ShadowBox inset attribute? Inner shadow",2024-01-24,2024-02-20,91,46,2,0,https://github.com/flutter/flutter/issues/18636
flutter/flutter#10647,"Using dart:ui from non-main-thread Isolates crashes",2024-01-24,2024-02-20,53,40,2,2,https://github.com/flutter/flutter/issues/10647
flutter/flutter#102140,"Dart/Flutter never release memory of ""Dart/Flutter Native"" leading to OOM crash",2024-01-24,2024-02-20,51,57,2,3,https://github.com/flutter/flutter/issues/102140
flutter/flutter#22856,"On Android when there are multiple flavors and no --flavor flag is specified then use a default one",2024-01-24,2024-02-20,43,22,2,1,https://github.com/flutter/flutter/issues/22856
flutter/flutter#98178,"[ListTile] Support custom height constraints of leading/trailing",2024-01-24,2024-02-20,29,7,2,0,https://github.com/flutter/flutter/issues/98178
flutter/flutter#85785,"[google_sign_in] PlatformException is thrown when cancelling signIn",2024-01-24,2024-02-20,25,44,2,2,https://github.com/flutter/flutter/issues/85785
flutter/flutter#66931,"[video_player_web] Integrate Shaka Player for DASH and HLS support.",2024-01-24,2024-02-20,25,14,2,0,https://github.com/flutter/flutter/issues/66931
flutter/flutter#111110,"When using `flutter drive`, Flutter's semantics tree doesn't produce virtual Android Views",2024-01-24,2024-02-20,25,16,2,0,https://github.com/flutter/flutter/issues/111110
flutter/flutter#48950,"How to pass parameters to flutter web app",2024-01-24,2024-02-20,25,7,2,0,https://github.com/flutter/flutter/issues/48950
flutter/flutter#124330,"Investigate making Material AppBar flexible / adaptive",2024-01-24,2024-02-20,23,4,2,1,https://github.com/flutter/flutter/issues/124330
flutter/flutter#98484,"[in_app_purchase][ios] `AppStorePurchaseDetails.pendingCompletePurchase = true` after calling `completePurchase`",2024-01-24,2024-02-20,17,26,2,2,https://github.com/flutter/flutter/issues/98484
flutter/flutter#14288,"Antialiasing behaviour when same-colour ",2024-01-24,2024-02-20,140,96,2,4,https://github.com/flutter/flutter/issues/14288
flutter/flutter#122541,"Flutter web rendering occasionally becomes blurry when page is expanded",2024-01-24,2024-01-28,56,54,2,2,https://github.com/flutter/flutter/issues/122541
flutter/flutter#104908,"Android TalkBack Item label warning for the whole screen",2024-01-24,2024-02-20,52,22,2,0,https://github.com/flutter/flutter/issues/104908
flutter/flutter#47030,"[video_player] Videos don't play in Safari/Chrome on iOS ",2024-01-24,2024-02-20,50,100,2,1,https://github.com/flutter/flutter/issues/47030
flutter/flutter#97050,"Supporting of in app purchases on Windows Store",2024-01-24,2024-02-20,45,6,2,1,https://github.com/flutter/flutter/issues/97050
flutter/flutter#119536,"[Engine][3.7] Emojis are not properly rendered",2024-01-24,2024-02-20,42,47,2,0,https://github.com/flutter/flutter/issues/119536
flutter/flutter#124334,"WebGPU Backend for Flutter Web",2024-01-24,2024-02-20,41,5,2,0,https://github.com/flutter/flutter/issues/124334
flutter/flutter#112181,"[go_router] Duplicate GlobalKey detected in widget tree when a navigatorKey is used on a nested ShellRoute",2024-01-24,2024-02-20,21,1,2,0,https://github.com/flutter/flutter/issues/112181
flutter/flutter#88354,"iOS Keyboard flickers when switching the TextFields which have obscureText set to true",2024-02-01,2024-02-20,14,18,2,0,https://github.com/flutter/flutter/issues/88354
flutter/flutter#103682,"[google_sign_in] Support Windows",2024-02-09,2024-02-20,14,9,2,1,https://github.com/flutter/flutter/issues/103682
flutter/flutter#39707,"Import multiple Flutter modules in a native app",2024-01-24,2024-02-20,186,41,2,0,https://github.com/flutter/flutter/issues/39707
flutter/flutter#119328,"Introduce side sheets",2024-01-24,2024-02-20,73,6,2,3,https://github.com/flutter/flutter/issues/119328
flutter/flutter#63500,"Web Cache invalidation based on Build Number",2024-01-24,2024-02-20,61,70,2,5,https://github.com/flutter/flutter/issues/63500
flutter/flutter#60298,"Pull-Down Menus for iOS 14",2024-01-24,2024-02-20,44,18,2,0,https://github.com/flutter/flutter/issues/60298
flutter/flutter#64073,"[google_maps_flutter_web] Add ""My Location"" Widget.",2024-01-24,2024-02-20,42,13,2,0,https://github.com/flutter/flutter/issues/64073
flutter/flutter#116651,"[go_router] What does 'refreshListenable' do? How does it work? (missing documentation)",2024-01-24,2024-02-20,29,82,2,2,https://github.com/flutter/flutter/issues/116651
flutter/flutter#97305,"[web] support scaling page content using two-finger pinch gesture",2024-01-24,2024-02-20,16,22,2,0,https://github.com/flutter/flutter/issues/97305
flutter/flutter#96186,"[webview_flutter][android] `onPageFinished` is not working properly",2024-01-24,2024-02-20,14,10,2,0,https://github.com/flutter/flutter/issues/96186
flutter/flutter#66711,"[pigeon] Support typesafe EventChannels",2024-01-24,2024-02-20,124,9,1,0,https://github.com/flutter/flutter/issues/66711
flutter/flutter#26863,"[google_maps_flutter] Support marker clustering",2024-01-24,2024-02-20,331,56,1,0,https://github.com/flutter/flutter/issues/26863
flutter/flutter#28567,"Support text capitalization in TextStyle ",2024-01-24,2024-02-20,127,25,1,0,https://github.com/flutter/flutter/issues/28567
flutter/flutter#99606,"Ability to change the keyboard language programmatically",2024-01-24,2024-02-20,68,24,1,0,https://github.com/flutter/flutter/issues/99606
flutter/flutter#127855,"Implement wide gamut color support in the Framework",2024-01-24,2024-02-20,57,6,1,0,https://github.com/flutter/flutter/issues/127855
flutter/flutter#133465,"Long-term solution to replacing `ios-deploy`",2024-01-24,2024-02-20,52,16,1,0,https://github.com/flutter/flutter/issues/133465
flutter/flutter#94804,"Use gtk4 for linux desktop",2024-01-24,2024-02-20,48,23,1,1,https://github.com/flutter/flutter/issues/94804
flutter/flutter#101296,"[integration_test] Enable sharding of integration test suites",2024-01-24,2024-02-20,44,11,1,0,https://github.com/flutter/flutter/issues/101296
flutter/flutter#62401,"showDatePicker has date format issues when DatePickerEntryMode.input is selected",2024-01-24,2024-02-20,44,22,1,0,https://github.com/flutter/flutter/issues/62401
flutter/flutter#54272,"Add support for RefreshIndicator to be used with SliverAppBar",2024-01-24,2024-02-20,29,14,1,0,https://github.com/flutter/flutter/issues/54272
flutter/flutter#50168,"TextOverflow.ellipsis not applied properly with multi-line Text with maxLines set",2024-01-24,2024-02-20,27,14,1,0,https://github.com/flutter/flutter/issues/50168
flutter/flutter#59284,"Text widget incorrectly wraps Korean text",2024-01-24,2024-02-20,23,33,1,0,https://github.com/flutter/flutter/issues/59284
flutter/flutter#110928,"Documentation request: deep linking and Android launchMode",2024-01-24,2024-02-20,20,1,1,0,https://github.com/flutter/flutter/issues/110928
flutter/flutter#70270,"[local_auth] Support Linux",2024-01-24,2024-02-20,19,3,1,0,https://github.com/flutter/flutter/issues/70270
flutter/flutter#72364,"[Autofill] Switch to `SecSharedCredentials` on iOS, and explore how we can expose it in the framework",2024-01-24,2024-02-20,17,6,1,0,https://github.com/flutter/flutter/issues/72364
flutter/flutter#129632,"Stuttering while scrolling PlatformViews only on iPhone 12 onwards (works on iPhone 7)",2024-01-24,2024-02-20,16,18,1,3,https://github.com/flutter/flutter/issues/129632
flutter/flutter#24923,"[video_player] Support DRM content",2024-01-24,2024-02-20,193,31,1,0,https://github.com/flutter/flutter/issues/24923
flutter/flutter#37673,"[video_player] Add Windows support",2024-01-24,2024-02-20,177,66,1,0,https://github.com/flutter/flutter/issues/37673
flutter/flutter#21980,"Dependency Injection for Flutter",2024-01-24,2024-02-20,123,19,1,0,https://github.com/flutter/flutter/issues/21980
flutter/flutter#63323,"Code generation experience needs improvements",2024-01-24,2024-02-20,114,16,1,0,https://github.com/flutter/flutter/issues/63323
flutter/flutter#57609,"Let iOS keyboard dismissal synchronize with scroll",2024-01-24,2024-02-20,85,29,1,0,https://github.com/flutter/flutter/issues/57609
flutter/flutter#116526,"Support Material 3 motion - Transitions",2024-01-24,2024-02-20,78,11,1,0,https://github.com/flutter/flutter/issues/116526
flutter/flutter#13892,"Consistent .gitignore for Dart and Flutter projects",2024-01-24,2024-02-20,74,36,1,0,https://github.com/flutter/flutter/issues/13892
flutter/flutter#81650,"Allow excluding specific plugins from the host platform build on specific platforms",2024-01-24,2024-02-20,73,41,1,0,https://github.com/flutter/flutter/issues/81650
flutter/flutter#32804,"BackdropFilter performance issue",2024-01-24,2024-02-20,73,49,1,3,https://github.com/flutter/flutter/issues/32804
flutter/flutter#69157,"Build Flutter macOS artifacts with ARM architecture slice",2024-01-24,2024-02-20,67,10,1,0,https://github.com/flutter/flutter/issues/69157
flutter/flutter#102408,"[go_router] Replace redirect with onEnter and onExit",2024-01-24,2024-02-20,65,51,1,3,https://github.com/flutter/flutter/issues/102408
flutter/flutter#38684,"Allow nested hero widgets",2024-01-24,2024-02-20,61,19,1,0,https://github.com/flutter/flutter/issues/38684
flutter/flutter#75588,"Decoration for unselected tabs in TabBar",2024-01-24,2024-02-20,56,19,1,0,https://github.com/flutter/flutter/issues/75588
flutter/flutter#40135,"Don't rely on global `pod` installation, use bundled version",2024-01-24,2024-02-20,50,10,1,0,https://github.com/flutter/flutter/issues/40135
flutter/flutter#34704,"Flutter slider should have the feature to show value indicator all the time, not just while gesturing",2024-01-24,2024-02-18,50,26,1,0,https://github.com/flutter/flutter/issues/34704
flutter/flutter#60695,"[google_maps_flutter] Add callback for click on google poi's on the map",2024-01-24,2024-02-20,47,13,1,0,https://github.com/flutter/flutter/issues/60695
flutter/flutter#66618,"WebGPU in Flutter",2024-01-24,2024-02-20,43,1,1,0,https://github.com/flutter/flutter/issues/66618
flutter/flutter#39091,"[video_player] add Linux support",2024-01-24,2024-02-20,43,14,1,0,https://github.com/flutter/flutter/issues/39091
flutter/flutter#122698,"`flutter attach` doesn't work on physical iOS device in larger apps",2024-01-24,2024-02-20,37,17,1,0,https://github.com/flutter/flutter/issues/122698
flutter/flutter#98481,"[IOS] App Crashes with error EXC_BAD_ACCESS KERN_INVALID_ADDRESS",2024-01-24,2024-02-20,34,64,1,2,https://github.com/flutter/flutter/issues/98481
flutter/flutter#17130,"A cold-start ""flutter test"" takes multiple seconds",2024-01-24,2024-02-20,32,34,1,0,https://github.com/flutter/flutter/issues/17130
flutter/flutter#65777,"Integrate Navigator 2.0 and state restoration for the web",2024-01-24,2024-02-20,31,24,1,0,https://github.com/flutter/flutter/issues/65777
flutter/flutter#22512,"The flex property should have type double instead of int",2024-01-24,2024-02-20,27,10,1,0,https://github.com/flutter/flutter/issues/22512
flutter/flutter#73943,"java.lang.RuntimeException, library ""libflutter.so"" not found. for x86 when building appbundle ",2024-01-24,2024-02-20,24,41,1,0,https://github.com/flutter/flutter/issues/73943
flutter/flutter#53059,"Suggestion: decouple more widgets from Android/iOS design guidelines",2024-01-24,2024-02-20,24,11,1,1,https://github.com/flutter/flutter/issues/53059
flutter/flutter#107416,"Image.errorBuilder throws exception for invalid image data",2024-01-24,2024-02-20,19,21,1,3,https://github.com/flutter/flutter/issues/107416
flutter/flutter#28195,"How to use local aar inside flutter plugin?",2024-01-24,2024-02-20,19,40,1,1,https://github.com/flutter/flutter/issues/28195
flutter/flutter#73208,"Draggable feedback widget gets an offset when InteractiveViewer is scaled",2024-01-24,2024-02-20,17,13,1,0,https://github.com/flutter/flutter/issues/73208
flutter/flutter#56383,"[Test]: Golden Test Fails on CI(Same Platform)",2024-01-24,2024-02-20,17,27,1,1,https://github.com/flutter/flutter/issues/56383
flutter/flutter#116872,"[go_router] Query Parameters are not preserved on `pop`",2024-01-24,2024-02-20,16,14,1,1,https://github.com/flutter/flutter/issues/116872
flutter/flutter#27896,"[webview] Allow overriding responses to webview requests with local resources",2024-01-24,2024-02-20,16,11,1,1,https://github.com/flutter/flutter/issues/27896
flutter/flutter#51953,"Support for @2x, @3x, etc naming convention for images",2024-01-24,2024-02-20,14,5,1,0,https://github.com/flutter/flutter/issues/51953
flutter/flutter#21230,"Add new features to Dismissible widget",2024-01-24,2024-02-20,14,5,1,0,https://github.com/flutter/flutter/issues/21230
flutter/flutter#99100,"[go_router] Platform-adaptive support",2024-01-26,2024-02-20,14,10,1,0,https://github.com/flutter/flutter/issues/99100
flutter/flutter#60903,"ReorderableListView animate insertion/removal of items",2024-01-24,2024-02-20,15,2,1,0,https://github.com/flutter/flutter/issues/60903
flutter/flutter#72029,"Selection toolbar/handler should disappear when it is opened and user clicks outside of it",2024-01-24,2024-02-20,14,15,1,0,https://github.com/flutter/flutter/issues/72029
flutter/flutter#14203,"Document that WillPopScope prevents swipe to go back on MaterialPageRoute",2024-01-24,2024-02-20,188,112,1,0,https://github.com/flutter/flutter/issues/14203
flutter/flutter#35042,"Official support for Raspberry PI 4",2024-01-24,2024-02-20,111,10,1,0,https://github.com/flutter/flutter/issues/35042
flutter/flutter#41724,"Implement PlatformView support on Linux",2024-01-24,2024-02-20,116,23,1,0,https://github.com/flutter/flutter/issues/41724
flutter/flutter#39810,"[google_maps_flutter] Change camera animation speed (and curve?)",2024-01-24,2024-02-20,92,16,1,0,https://github.com/flutter/flutter/issues/39810
flutter/flutter#10437,"Do plugins need to know about hot reload and hot restart?",2024-01-24,2024-02-20,62,25,1,1,https://github.com/flutter/flutter/issues/10437
flutter/flutter#39502,"[webview_flutter] Catch and handle all HTTP errors codes (eg 404) to redirect to a custom error page",2024-01-24,2024-02-20,48,8,1,0,https://github.com/flutter/flutter/issues/39502
flutter/flutter#87348,"PaginatedDataTable and paginated data from the server",2024-01-24,2024-02-20,44,20,1,0,https://github.com/flutter/flutter/issues/87348
flutter/flutter#135050,"Add `context.dependOnListenable(Listenable listenable)`",2024-01-24,2024-02-20,43,8,1,0,https://github.com/flutter/flutter/issues/135050
flutter/flutter#48217,"Animate changes to IndexedStack",2024-01-24,2024-02-20,40,19,1,0,https://github.com/flutter/flutter/issues/48217
flutter/flutter#76248,"[web] Emojis take a few seconds to render on canvaskit",2024-01-24,2024-02-20,39,14,1,1,https://github.com/flutter/flutter/issues/76248
flutter/flutter#121929,"[animation] using animations package with go_router package instead of Navigator.push() method",2024-01-24,2024-02-20,28,13,1,0,https://github.com/flutter/flutter/issues/121929
flutter/flutter#43720,"in_app_purchase plugin - detecting subscription lapse client-side",2024-01-24,2024-02-20,22,13,1,0,https://github.com/flutter/flutter/issues/43720
flutter/flutter#65517,"Scale flutter on linux Xorg based on Xft.dpi",2024-01-24,2024-02-20,21,9,1,0,https://github.com/flutter/flutter/issues/65517
flutter/flutter#99052,"There should be no default page transitions for desktop and web platforms.",2024-01-24,2024-02-20,20,13,1,0,https://github.com/flutter/flutter/issues/99052
flutter/flutter#45665,"[camera] Allow custom resolution and aspect ratio",2024-01-24,2024-02-20,20,19,1,0,https://github.com/flutter/flutter/issues/45665
flutter/flutter#71208,"FlutterActivity should extend AppCompatActivity instead of Activity",2024-01-24,2024-02-20,19,5,1,0,https://github.com/flutter/flutter/issues/71208
flutter/flutter#118063,"(Material3) Cannot Theme `FilledButton` and `FilledButton.tonal` Variants Separately",2024-01-24,2024-02-20,18,3,1,0,https://github.com/flutter/flutter/issues/118063
flutter/flutter#88765,"integration_test missing FlutterDriver.waitFor support",2024-01-24,2024-02-20,18,6,1,0,https://github.com/flutter/flutter/issues/88765
flutter/flutter#73315,"Ink widget decoration visible or/and renders outside the ListView boundary up to the cacheExtent.",2024-01-24,2024-02-20,18,14,1,0,https://github.com/flutter/flutter/issues/73315
flutter/flutter#131625,"[go_router] support popUntil",2024-01-24,2024-02-20,17,8,1,0,https://github.com/flutter/flutter/issues/131625
flutter/flutter#58192,"Add mouse cursor support to the remaining widgets",2024-01-24,2024-02-20,15,21,1,0,https://github.com/flutter/flutter/issues/58192
flutter/flutter#84966,"`flutter test` stack traces are truncated when `pumpAndSettle` timeouts",2024-01-24,2024-02-20,14,8,1,0,https://github.com/flutter/flutter/issues/84966
flutter/flutter#107578,"Missing default context menu buttons on each platform",2024-01-25,2024-02-20,13,12,1,0,https://github.com/flutter/flutter/issues/107578
flutter/flutter#71400,"Customizable project structure (platforms)",2024-01-24,2024-02-20,403,21,1,0,https://github.com/flutter/flutter/issues/71400
flutter/flutter#51752,"Reusing state logic is either too verbose or too difficult",2024-01-24,2024-02-20,273,518,1,0,https://github.com/flutter/flutter/issues/51752
flutter/flutter#30736,"Support window size/placement on desktop",2024-01-24,2024-02-20,83,18,1,0,https://github.com/flutter/flutter/issues/30736
flutter/flutter#40682,"Spellcheck on Flutter Web",2024-01-24,2024-02-20,66,19,1,1,https://github.com/flutter/flutter/issues/40682
flutter/flutter#51890,"add screenshot capability to e2e integration tests",2024-01-24,2024-02-20,65,33,1,3,https://github.com/flutter/flutter/issues/51890
flutter/flutter#9688,"Input validator async",2024-01-24,2024-02-20,65,23,1,0,https://github.com/flutter/flutter/issues/9688
flutter/flutter#118498,"[google_maps_flutter] Google maps transition from one page to another is buggy.",2024-01-24,2024-02-20,57,45,1,1,https://github.com/flutter/flutter/issues/118498
flutter/flutter#64106,"Tree shake unused assets",2024-01-24,2024-02-20,45,1,1,0,https://github.com/flutter/flutter/issues/64106
flutter/flutter#97542,"[camera] Support image streams on Windows platform",2024-01-24,2024-02-20,42,15,1,4,https://github.com/flutter/flutter/issues/97542
flutter/flutter#65331,"the wrap widget add a property “maxline” to limit the lines of the widget",2024-01-24,2024-02-20,40,6,1,0,https://github.com/flutter/flutter/issues/65331
flutter/flutter#119207,"Unable receive Platform Channel calls in background isolates",2024-01-24,2024-02-20,37,15,1,0,https://github.com/flutter/flutter/issues/119207
flutter/flutter#64157,"NestedScrollView in DraggableScrollableSheet not working",2024-01-24,2024-02-20,34,21,1,0,https://github.com/flutter/flutter/issues/64157
flutter/flutter#81739,"[flutter_markdown] Support `maxLines` and `overflow`",2024-01-24,2024-02-20,32,5,1,0,https://github.com/flutter/flutter/issues/81739
flutter/flutter#36461,"Different Appbar with same bottomNavigatioBar without nesting Scaffolds",2024-01-24,2024-02-20,33,18,1,1,https://github.com/flutter/flutter/issues/36461
flutter/flutter#63209,"[feature-request] Support pen pressure and pointer kinds on Linux",2024-01-24,2024-02-20,32,3,1,2,https://github.com/flutter/flutter/issues/63209
flutter/flutter#90063,"TextField with lots of text can hang app",2024-01-24,2024-02-20,30,39,1,1,https://github.com/flutter/flutter/issues/90063
flutter/flutter#46233,"Rendering order inside Grid/ListView",2024-01-24,2024-02-20,29,8,1,0,https://github.com/flutter/flutter/issues/46233
flutter/flutter#103386,"☂️ [macOS] Support building engine on Apple Silicon without Rosetta",2024-01-24,2024-02-20,24,8,1,2,https://github.com/flutter/flutter/issues/103386
flutter/flutter#64397,"[video_player] Add Fullscreen for Web",2024-01-24,2024-02-20,19,8,1,0,https://github.com/flutter/flutter/issues/64397
flutter/flutter#75747,"Opt a subtree out of hitTestSelf culling",2024-01-24,2024-02-20,81,81,1,0,https://github.com/flutter/flutter/issues/75747
flutter/flutter#58145,"3D Flutter Api Support",2024-01-24,2024-02-20,79,13,1,0,https://github.com/flutter/flutter/issues/58145
flutter/flutter#49757,"Desktop app frame rate isn't synced to display",2024-01-24,2024-02-20,76,20,1,0,https://github.com/flutter/flutter/issues/49757
flutter/flutter#41710,"[camera] Add Linux support",2024-01-24,2024-02-20,62,16,1,0,https://github.com/flutter/flutter/issues/41710
flutter/flutter#31728,"Expanded hitTest area",2024-01-24,2024-02-20,60,25,1,1,https://github.com/flutter/flutter/issues/31728
flutter/flutter#41731,"[google_maps_flutter] Performance drop when loading markers from bytes",2024-01-24,2024-02-20,55,40,1,0,https://github.com/flutter/flutter/issues/41731
flutter/flutter#32115,"Allow to set the logical pixel size programmatically ",2024-01-24,2024-02-20,49,44,1,0,https://github.com/flutter/flutter/issues/32115
flutter/flutter#70010,"Suggestion: Ability to check if asset exists without loading",2024-01-24,2024-02-20,48,7,1,0,https://github.com/flutter/flutter/issues/70010
flutter/flutter#70836,"[proposal] Z-index in Stack widget",2024-01-24,2024-02-20,46,15,1,0,https://github.com/flutter/flutter/issues/70836
flutter/flutter#106612,"Support `flutter build ipa` with manual signing and provisioning profiles",2024-01-24,2024-02-20,44,27,1,0,https://github.com/flutter/flutter/issues/106612
flutter/flutter#78247,"Low Resolution in Camera Image Stream, ResolutionPreset Constructor Parameter is ignored",2024-01-24,2024-02-20,42,12,1,0,https://github.com/flutter/flutter/issues/78247
flutter/flutter#99105,"[go_router] Support deferred libraries",2024-01-24,2024-02-20,39,13,1,1,https://github.com/flutter/flutter/issues/99105
flutter/flutter#66537,"Middle Mouse Button Scrolling",2024-01-24,2024-02-20,39,9,1,0,https://github.com/flutter/flutter/issues/66537
flutter/flutter#14488,"Get dimensions of widget after layout without render ",2024-01-24,2024-02-20,38,42,1,0,https://github.com/flutter/flutter/issues/14488
flutter/flutter#58854,"[video_player] Can't  Change HSL Video Quilty",2024-01-24,2024-02-20,35,17,1,0,https://github.com/flutter/flutter/issues/58854
flutter/flutter#113282,"[go_router] Add default pageBuilder to GoRouter",2024-01-24,2024-02-20,34,6,1,0,https://github.com/flutter/flutter/issues/113282
flutter/flutter#112267,"[go_router] Add support for the TabView for more beautiful animation",2024-01-24,2024-02-20,31,7,1,0,https://github.com/flutter/flutter/issues/112267
flutter/flutter#44937,"Allow using dart:indexed_db in flutter apps",2024-01-24,2024-02-20,28,13,1,1,https://github.com/flutter/flutter/issues/44937
flutter/flutter#85772,"image_picker add picture limit to getMultiImage",2024-01-24,2024-02-20,26,17,1,0,https://github.com/flutter/flutter/issues/85772
flutter/flutter#24843,"How to pin keyboard when Popupmenu appears",2024-01-24,2024-02-20,25,14,1,0,https://github.com/flutter/flutter/issues/24843
flutter/flutter#127209,"Add docs for go_router StatefulShellRoute",2024-01-24,2024-02-20,21,0,1,0,https://github.com/flutter/flutter/issues/127209
flutter/flutter#98773,"[Android] Document fix for warning ""native debug symbols are missing in appbundle"" when uploading app to playconsole",2024-01-24,2024-02-20,17,14,1,5,https://github.com/flutter/flutter/issues/98773
flutter/flutter#80578,"[google_maps_flutter_web] Markers anchor and rotation have no effect",2024-01-24,2024-02-20,16,19,1,0,https://github.com/flutter/flutter/issues/80578
flutter/flutter#66127,"Implement auto-completion for zsh, bash, and PowerShell for the flutter tool",2024-01-24,2024-02-20,16,4,1,0,https://github.com/flutter/flutter/issues/66127
flutter/flutter#44570,"Dialog maxWidth is not configurable",2024-01-24,2024-02-20,16,2,1,0,https://github.com/flutter/flutter/issues/44570
flutter/flutter#110781,"[go_router_builder] Custom type conversion for parameters",2024-01-24,2024-02-20,14,2,1,0,https://github.com/flutter/flutter/issues/110781
flutter/flutter#20220,"Text/TextSpan superscript on top (like HTML ruby tag) for phonetic pronunciations",2024-01-24,2024-02-20,14,2,1,0,https://github.com/flutter/flutter/issues/20220
flutter/flutter#67282,"TextField TextInputType ""name"" overrides TextCapitalization ""words""",2024-01-24,2024-02-20,13,8,1,0,https://github.com/flutter/flutter/issues/67282
flutter/flutter#107996,"[go_router] Use of `UrlPathStrategy.path` cause `404 Not Found` HTTP status on browser refresh action because the current location is requested from server but it is not really exist",2024-02-12,2024-02-20,16,40,1,0,https://github.com/flutter/flutter/issues/107996
flutter/flutter#26801,"Apple CarPlay / Android Auto support?",2024-01-24,2024-02-20,475,50,1,0,https://github.com/flutter/flutter/issues/26801
flutter/flutter#21594,"Table > TableRow > TableCell colspan",2024-01-24,2024-02-20,243,41,1,1,https://github.com/flutter/flutter/issues/21594
flutter/flutter#59430,"Support XDG Base Directory Specfication",2024-01-24,2024-02-20,71,6,1,0,https://github.com/flutter/flutter/issues/59430
flutter/flutter#25652,"Scrollbar resizing and jumping",2024-01-24,2024-02-20,61,50,1,0,https://github.com/flutter/flutter/issues/25652
flutter/flutter#76478,"[web]: No back/forward gesture support on iOS and MacOS browsers",2024-01-24,2024-02-20,36,14,1,1,https://github.com/flutter/flutter/issues/76478
flutter/flutter#65006,"[InteractiveViewer] ListView in InteractiveViewer doesn't zoom sometimes",2024-01-24,2024-02-20,34,22,1,0,https://github.com/flutter/flutter/issues/65006
flutter/flutter#64768,"Add a Split widget",2024-01-24,2024-02-20,32,13,1,0,https://github.com/flutter/flutter/issues/64768
flutter/flutter#130658,"`'earliestUsefulChild != null': is not true` is thrown if we set the previous laid out children to `null` in `ListView.builder`",2024-01-24,2024-02-20,30,4,1,0,https://github.com/flutter/flutter/issues/130658
flutter/flutter#107972,"A KeyRepeatEvent is dispatched, but the state shows that the physical key is not pressed",2024-01-24,2024-02-20,29,55,1,0,https://github.com/flutter/flutter/issues/107972
flutter/flutter#117382,"Canvas instrumentation (recording)",2024-01-24,2024-02-20,28,6,1,0,https://github.com/flutter/flutter/issues/117382
flutter/flutter#41156,"[video_player] black (first?) frame on iOS",2024-01-24,2024-02-20,28,35,1,0,https://github.com/flutter/flutter/issues/41156
flutter/flutter#23603,"Flutter should be able to interact with host clipboard for rich content",2024-01-24,2024-02-20,108,9,1,1,https://github.com/flutter/flutter/issues/23603
flutter/flutter#40740,"NestedScrollView's use of PrimaryScrollController breaks when there are multiple inner ScrollPositions",2024-01-24,2024-02-20,101,66,1,1,https://github.com/flutter/flutter/issues/40740
flutter/flutter#107157,"[Proposal]Allow multiple arb files to organize l10n / intl localizations for a language",2024-01-24,2024-02-20,75,14,1,2,https://github.com/flutter/flutter/issues/107157
flutter/flutter#40504,"Add support for external storage(Sd Card, USB Storage etc) in flutter.",2024-01-24,2024-02-20,75,27,1,1,https://github.com/flutter/flutter/issues/40504
flutter/flutter#49482,"Finished with error: Failed to establish connection with the application instance in Chrome.",2024-01-24,2024-02-20,55,97,1,0,https://github.com/flutter/flutter/issues/49482
flutter/flutter#86636,"Support weight/boldness configuration of an Icon",2024-01-24,2024-02-20,45,9,1,0,https://github.com/flutter/flutter/issues/86636
flutter/flutter#37510,"Provide a disableSwipe to PageView",2024-01-24,2024-02-20,45,22,1,0,https://github.com/flutter/flutter/issues/37510
flutter/flutter#50946,"Make ListView scrollable within PageView ",2024-01-24,2024-02-20,40,35,1,0,https://github.com/flutter/flutter/issues/50946
flutter/flutter#64685,"[image_picker][android] PickedFile should store the original file name. ",2024-01-24,2024-02-20,35,17,1,0,https://github.com/flutter/flutter/issues/64685
flutter/flutter#97544,"SliverWrap widget",2024-01-24,2024-02-20,31,4,1,0,https://github.com/flutter/flutter/issues/97544
flutter/flutter#61246,"[flutter_tools] IDE plugin validators should be deprecated",2024-01-24,2024-02-20,28,6,1,0,https://github.com/flutter/flutter/issues/61246
flutter/flutter#93238,"Gradle Kotlin DSL support.",2024-01-24,2024-02-20,27,13,1,0,https://github.com/flutter/flutter/issues/93238
flutter/flutter#32954,"Vertical `Dismissible` does not dismiss `SingleChildScrollView` (nor` ListView`)",2024-01-24,2024-02-20,26,15,1,0,https://github.com/flutter/flutter/issues/32954
flutter/flutter#99050,"[Windows] On screen keyboard pops up abnormally on touch screen tablets",2024-01-24,2024-02-20,25,36,1,1,https://github.com/flutter/flutter/issues/99050
flutter/flutter#91772,"☂️ Material Theme System Updates",2024-01-24,2024-02-20,23,18,1,3,https://github.com/flutter/flutter/issues/91772
flutter/flutter#72625,"Add the native keyboard actions bar such as the up/down/done buttons in iOS",2024-01-24,2024-02-20,23,0,1,0,https://github.com/flutter/flutter/issues/72625
flutter/flutter#15741,"DateFormat Crash - Locale data has not been initialized, call initializeDateFormatting(<locale>)",2024-01-24,2024-02-20,21,26,1,0,https://github.com/flutter/flutter/issues/15741
flutter/flutter#129523,"Navigator can't be used inside scrollable content.",2024-01-24,2024-02-20,20,7,1,1,https://github.com/flutter/flutter/issues/129523
flutter/flutter#104547,"[Selection] Reimplement SelectableText with SelectionArea",2024-01-24,2024-02-18,20,7,1,0,https://github.com/flutter/flutter/issues/104547
flutter/flutter#91247,"Flutter Camera plugin camera lens change",2024-01-24,2024-02-20,19,8,1,0,https://github.com/flutter/flutter/issues/91247
flutter/flutter#50455,"Failed to xcodebuild against multiple iOS devices: Build service could not start build operation: unknown error while handling message: Could not acquire lock at path `Path(str: "".../DerivedData/.../...-Workspace.lock"")`",2024-01-24,2024-02-20,19,32,1,0,https://github.com/flutter/flutter/issues/50455
flutter/flutter#99819,"[flutter_markdown] Selecting text works only paragraph by paragraph in markdown widget when text is not indented",2024-01-24,2024-02-20,17,19,1,1,https://github.com/flutter/flutter/issues/99819
flutter/flutter#22429,"Offline mode needs to be extended to all flutter commands",2024-01-24,2024-02-20,17,6,1,0,https://github.com/flutter/flutter/issues/22429
flutter/flutter#138615,"[Impeller] Janky scrolling with backdrop filter blur on 3.16.",2024-01-24,2024-02-20,14,38,1,2,https://github.com/flutter/flutter/issues/138615
flutter/flutter#78254,"[web] Customize path of index.html and/or web directory.",2024-01-24,2024-02-20,13,8,1,0,https://github.com/flutter/flutter/issues/78254
flutter/flutter#62464,"[webview_flutter]WebView can't hide scollbar",2024-01-24,2024-02-20,13,11,1,1,https://github.com/flutter/flutter/issues/62464
flutter/flutter#58367,"Enable single widget for NavigationRail destinations",2024-01-24,2024-02-20,13,3,1,0,https://github.com/flutter/flutter/issues/58367
flutter/flutter#89525,"[camera] Proposal - Add support for optical image stabilization (OIS)",2024-01-27,2024-02-20,13,6,1,1,https://github.com/flutter/flutter/issues/89525
flutter/flutter#53308,"Text on desktop Windows 10 looks rough(no antialiasing)",2024-01-24,2024-02-20,27,30,1,0,https://github.com/flutter/flutter/issues/53308
flutter/flutter#26748,"How to add custom overflow string in `Text` or `TextSpan`?",2024-01-24,2024-02-20,27,18,1,0,https://github.com/flutter/flutter/issues/26748
flutter/flutter#60750,"[ios] Initializing google map with 'n' markers takes O(n) time to add and blocks the UI during this period",2024-01-24,2024-02-20,25,18,1,0,https://github.com/flutter/flutter/issues/60750
flutter/flutter#124406,"Add a ""fast fail"" argument to `flutter test` to stop after a failure",2024-01-24,2024-02-20,24,1,1,0,https://github.com/flutter/flutter/issues/124406
flutter/flutter#129933,"[Flutter-web] Control+MouseWheel should zoom the browser window",2024-01-24,2024-02-20,23,9,1,0,https://github.com/flutter/flutter/issues/129933
flutter/flutter#88515,"Add dismissLimits to Dismissible to limit the drag extent",2024-01-24,2024-02-20,20,4,1,0,https://github.com/flutter/flutter/issues/88515
flutter/flutter#26152,"Tizen platform support",2024-01-24,2024-02-20,111,27,1,0,https://github.com/flutter/flutter/issues/26152
flutter/flutter#96283,"[Web]: Proposal to be able to build flutter web app with debug profile support",2024-01-24,2024-02-20,106,5,1,0,https://github.com/flutter/flutter/issues/96283
flutter/flutter#4719,"flutter test --coverage and flutter test --watch",2024-01-24,2024-02-20,106,11,1,0,https://github.com/flutter/flutter/issues/4719
flutter/flutter#92762,"[camera] Android  emulator camera throws `CameraAccessException: CAMERA_ERROR (3): The camera device has encountered a serious error` when taking a photo",2024-01-24,2024-02-20,54,37,1,0,https://github.com/flutter/flutter/issues/92762
flutter/flutter#67034,"Flutter Fonts are not rendering correctly, Antialiasing is doubled on desktop",2024-01-24,2024-02-20,36,21,1,0,https://github.com/flutter/flutter/issues/67034
flutter/flutter#41708,"[camera] Add macOS support",2024-01-24,2024-02-18,36,16,1,0,https://github.com/flutter/flutter/issues/41708
flutter/flutter#93404,"Safari high memory usage",2024-01-24,2024-02-20,34,9,1,0,https://github.com/flutter/flutter/issues/93404
flutter/flutter#28012,"Make FixedExtentScrollPhysics & FixedExtentScrollController usable with ordinary ListViews",2024-01-24,2024-02-20,28,9,1,0,https://github.com/flutter/flutter/issues/28012
flutter/flutter#114131,"[go_router] choose in redirect method if `push` or `go`",2024-01-24,2024-02-20,27,24,1,0,https://github.com/flutter/flutter/issues/114131
flutter/flutter#95403,"[Android]Switching between immersive and edgeToEdge system UI modes shows black status bar",2024-01-24,2024-02-20,27,14,1,0,https://github.com/flutter/flutter/issues/95403
flutter/flutter#37987,"Enable hot restart on profile mode",2024-01-24,2024-02-20,27,14,1,0,https://github.com/flutter/flutter/issues/37987
flutter/flutter#111739,"Framework tests fail only on M1 machines",2024-01-24,2024-02-20,26,21,1,0,https://github.com/flutter/flutter/issues/111739
flutter/flutter#56239,"Specifying cacheWidth / cacheHeight can degrade the image quality",2024-01-24,2024-02-20,26,16,1,0,https://github.com/flutter/flutter/issues/56239
flutter/flutter#53781,"Add option to avoid pod install during ""flutter build ios""",2024-01-24,2024-02-20,19,13,1,0,https://github.com/flutter/flutter/issues/53781
flutter/flutter#25151,"DropDownButton is not customizable",2024-01-24,2024-02-20,20,14,1,0,https://github.com/flutter/flutter/issues/25151
flutter/flutter#90373,"[Image_picker]: Image gallery opens twice if we choose select photos permission.",2024-01-24,2024-02-20,19,42,1,1,https://github.com/flutter/flutter/issues/90373
flutter/flutter#42846,"Stylus doesn't trigger PointerDownEvent",2024-01-24,2024-02-20,17,28,1,1,https://github.com/flutter/flutter/issues/42846
flutter/flutter#51267,"[google_maps_flutter] Please clarify why API KEY in source code is OK",2024-01-24,2024-02-20,16,16,1,0,https://github.com/flutter/flutter/issues/51267
flutter/flutter#31918,"Make flutter analyze configurable so it doesn't fail on info messages",2024-01-24,2024-02-20,13,26,1,0,https://github.com/flutter/flutter/issues/31918
flutter/flutter#62966,"Use dart_test.yaml in flutter test",2024-01-24,2024-02-20,20,6,1,0,https://github.com/flutter/flutter/issues/62966
flutter/flutter#29483,"Cupertino blurs should boost saturation",2024-01-24,2024-02-20,18,23,1,0,https://github.com/flutter/flutter/issues/29483
flutter/flutter#81804,"PlatformException VideoError, Video Player had error",2024-01-24,2024-02-20,17,64,1,1,https://github.com/flutter/flutter/issues/81804
flutter/flutter#64552,"Show suffix/prefix text in TextField even when it is not in focus and empty.",2024-01-24,2024-02-20,16,12,1,1,https://github.com/flutter/flutter/issues/64552
flutter/flutter#97701,"Support maven publish for `flutter build aar`",2024-01-24,2024-02-20,15,8,1,0,https://github.com/flutter/flutter/issues/97701
flutter/flutter#89558,"[Android]The Hybrid composition Platform view will show on the top of page while resume the app from background.",2024-01-24,2024-02-20,17,25,1,4,https://github.com/flutter/flutter/issues/89558
flutter/flutter#114559,"[go_router] `ShellRoute` should have a `redirect` method similar to `GoRoute`",2024-01-24,2024-02-20,16,4,1,0,https://github.com/flutter/flutter/issues/114559
flutter/flutter#87734,"[web] Incomplete sourcemaps",2024-01-24,2024-02-20,15,14,1,0,https://github.com/flutter/flutter/issues/87734
flutter/flutter#96514,"[Proposal] Conditional bundling of assets",2024-01-24,2024-02-20,13,9,1,0,https://github.com/flutter/flutter/issues/96514
flutter/flutter#106549,"Add a variant to context.dependOnInheritedWidget that removes the unused dependencies when the dependent no-longer depends on it",2024-02-10,2024-02-20,14,1,1,0,https://github.com/flutter/flutter/issues/106549
flutter/flutter#13212,"Enable the Flutter tool to change app id after project creation",2024-01-24,2024-02-20,15,3,1,0,https://github.com/flutter/flutter/issues/13212
flutter/flutter#122146,"ExpansionTile should have a sliver equivalent",2024-02-09,2024-02-20,13,1,1,0,https://github.com/flutter/flutter/issues/122146
flutter/flutter#49531,"Camera live filter for photo and video",2024-01-24,2024-02-20,35,24,0,2,https://github.com/flutter/flutter/issues/49531
flutter/flutter#104552,"`SelectionArea` does not select the text when using double and triple tap",2024-01-24,2024-02-20,32,28,0,2,https://github.com/flutter/flutter/issues/104552
flutter/flutter#44681,"Prevent soft keyboard to show when physical keyboard is used",2024-01-24,2024-02-20,30,24,0,1,https://github.com/flutter/flutter/issues/44681
flutter/flutter#59332,"Flutter Web: ListView lags a lot on mobile browsers, inconsistent performance on different devices on different browsers",2024-01-24,2024-02-20,22,34,0,1,https://github.com/flutter/flutter/issues/59332
flutter/flutter#99460,"The following _CastError was thrown during a service extension callback for ""ext.flutter.inspector.getRootWidgetSummaryTree""",2024-01-24,2024-02-20,17,20,0,2,https://github.com/flutter/flutter/issues/99460
flutter/flutter#26000,"iOS Google Maps: Strange appear animation",2024-01-24,2024-02-20,17,20,0,1,https://github.com/flutter/flutter/issues/26000
flutter/flutter#18968,"[camera] Access realtime image frames for pre-processing and effect overlays",2024-01-24,2024-02-20,80,24,0,1,https://github.com/flutter/flutter/issues/18968
flutter/flutter#15953,"[camera] Improve CameraPreview to size itself appropriate for video and picture previews ",2024-01-24,2024-02-20,54,56,0,1,https://github.com/flutter/flutter/issues/15953
flutter/flutter#44572,"Path.combine not implemented in the HTML backend",2024-01-24,2024-02-20,37,30,0,2,https://github.com/flutter/flutter/issues/44572
flutter/flutter#48464,"When popping a route, controls should reacquire focus without opening the keyboard or scrolling to make visible.",2024-01-24,2024-02-20,30,26,0,2,https://github.com/flutter/flutter/issues/48464
flutter/flutter#79172,"[web] complex characters are rendered incorrectly",2024-01-24,2024-02-20,23,20,0,1,https://github.com/flutter/flutter/issues/79172
flutter/flutter#79605,"Memory leak with Stateless Widget",2024-01-24,2024-02-20,19,57,0,4,https://github.com/flutter/flutter/issues/79605
flutter/flutter#78216,"Disable scroll actions for embedded Flutter web app",2024-01-24,2024-02-20,19,29,0,1,https://github.com/flutter/flutter/issues/78216
flutter/flutter#112798,"[go_router] RangeError with async redirect",2024-01-24,2024-02-20,18,19,0,1,https://github.com/flutter/flutter/issues/112798
flutter/flutter#43721,"[google_maps_flutter] Padding not working on android",2024-01-24,2024-02-20,16,21,0,1,https://github.com/flutter/flutter/issues/43721
flutter/flutter#53017,"[video_player] Allow creating a video player controller from bytes stream (e.g., Uint8List)",2024-01-24,2024-02-20,14,15,0,9,https://github.com/flutter/flutter/issues/53017
flutter/flutter#28094,"[video_player] Add network cache functionality",2024-01-24,2024-02-20,117,98,0,1,https://github.com/flutter/flutter/issues/28094
flutter/flutter#36283,"Can't swipe to dismiss scrollable Bottom Sheet",2024-01-24,2024-02-20,62,34,0,3,https://github.com/flutter/flutter/issues/36283
flutter/flutter#78746,"Autocomplete widget goes out of screen from right side",2024-01-24,2024-02-20,42,38,0,1,https://github.com/flutter/flutter/issues/78746
flutter/flutter#16810,"Seeing a green rectangle around the border of the gallery app when I run it",2024-01-24,2024-02-20,26,40,0,3,https://github.com/flutter/flutter/issues/16810
flutter/flutter#68215,"From ""flutter run"" the app shows ""In iOS 14+, debug mode Flutter apps can only be launched from Flutter tooling..."" warning",2024-01-24,2024-02-20,21,63,0,3,https://github.com/flutter/flutter/issues/68215
flutter/flutter#59552,"Flutter flashes black screen on Android when resuming",2024-01-24,2024-02-20,19,32,0,4,https://github.com/flutter/flutter/issues/59552
flutter/flutter#36925,"[webview_flutter] Add an option to bypass SSL checks",2024-01-24,2024-02-20,19,18,0,1,https://github.com/flutter/flutter/issues/36925
flutter/flutter#57090,"[webview_flutter] Support disabling overscroll",2024-01-24,2024-02-20,16,6,0,1,https://github.com/flutter/flutter/issues/57090
flutter/flutter#50314,"Scaffold body is hidden behind bottomSheet",2024-01-24,2024-02-20,13,28,0,1,https://github.com/flutter/flutter/issues/50314
flutter/flutter#48226,"AnimatedList with Dividers",2024-01-24,2024-02-19,38,10,0,2,https://github.com/flutter/flutter/issues/48226
flutter/flutter#52522,"[in_app_purchase] Support InApp purchase local verification",2024-01-24,2024-02-20,34,11,0,1,https://github.com/flutter/flutter/issues/52522
flutter/flutter#118481,"[web] Multi-view Embedding Support",2024-01-24,2024-02-20,29,7,0,3,https://github.com/flutter/flutter/issues/118481
flutter/flutter#26527,"Listview with shrinkwrap on the cross axis - impossible?",2024-01-24,2024-02-20,28,14,0,1,https://github.com/flutter/flutter/issues/26527
flutter/flutter#14720,"Flutter can receive touches even when hidden behind another native ViewController",2024-01-24,2024-02-20,25,39,0,2,https://github.com/flutter/flutter/issues/14720
flutter/flutter#27293,"Wrapped Text has unexpected intrinsic size",2024-01-24,2024-02-20,22,24,0,2,https://github.com/flutter/flutter/issues/27293
flutter/flutter#69529,"[web] Scroll is not recognized by the browser",2024-01-24,2024-02-20,141,97,0,10,https://github.com/flutter/flutter/issues/69529
flutter/flutter#54059,"Overscrolling outer scrollview / SliverAppBar.stretch does not work in NestedScrollView",2024-01-24,2024-02-20,33,23,0,1,https://github.com/flutter/flutter/issues/54059
flutter/flutter#51478,"Flutter OnScreen Keyboard opens on physical key press",2024-01-24,2024-01-28,16,19,0,1,https://github.com/flutter/flutter/issues/51478
flutter/flutter#139630,"Samsung phones running Android 14 stops drawing entire app on resume",2024-01-24,2024-02-20,15,58,0,1,https://github.com/flutter/flutter/issues/139630
flutter/flutter#131690,"Issue: Cannot theme progress indicators, many properties missing",2024-01-24,2024-02-20,15,3,0,1,https://github.com/flutter/flutter/issues/131690
flutter/flutter#118384,"A memory leak occurs when using SurfaceView together with AndroidView",2024-01-24,2024-02-20,15,9,0,1,https://github.com/flutter/flutter/issues/118384
flutter/flutter#78422,"[web] Standardized way to preload emoji font using CanvasKit",2024-01-24,2024-02-20,14,15,0,1,https://github.com/flutter/flutter/issues/78422
flutter/flutter#76053,"Ability to use TimePicker outside a dialog",2024-01-24,2024-02-20,23,13,0,1,https://github.com/flutter/flutter/issues/76053
flutter/flutter#116383,"[in_app_purchase] Use StoreKit 2 APIs",2024-01-24,2024-02-18,20,11,0,2,https://github.com/flutter/flutter/issues/116383
flutter/flutter#78543,"Severe performance issues when drawing transformed widgets that contain beziers.",2024-01-24,2024-02-20,18,40,0,1,https://github.com/flutter/flutter/issues/78543
flutter/flutter#113757,"[go_router] ShellRoute with CupertinoTabScaffold crashes with ""multiple widgets used the same GlobalKey""",2024-01-24,2024-02-20,17,22,0,1,https://github.com/flutter/flutter/issues/113757
flutter/flutter#81931,"Image.network throws uncaught exception when providing valid url without an image ",2024-01-24,2024-02-20,16,18,0,1,https://github.com/flutter/flutter/issues/81931
flutter/flutter#104798,"NestedScrollView / Material3: _StretchController throws  the error: Build scheduled during frame",2024-01-24,2024-02-20,13,14,0,1,https://github.com/flutter/flutter/issues/104798
flutter/flutter#12531,"Updating an App on timezone or timezone definition changes",2024-01-24,2024-02-20,25,19,0,2,https://github.com/flutter/flutter/issues/12531
flutter/flutter#60160,"Image.memory retains the Uint8List",2024-01-24,2024-02-20,15,10,0,1,https://github.com/flutter/flutter/issues/60160
flutter/flutter#95472,"[flutter_tools] pubspec.yaml environment.flutter constraint not respected by pub get",2024-01-30,2024-02-16,12,22,0,1,https://github.com/flutter/flutter/issues/95472
flutter/flutter#36126,"Flutter Web throws on Platform.is*",2024-01-24,2024-02-20,91,41,0,1,https://github.com/flutter/flutter/issues/36126
flutter/flutter#34864,"Slight flicker on the screen when loading from app overview on Android",2024-01-24,2024-02-20,31,41,0,1,https://github.com/flutter/flutter/issues/34864
flutter/flutter#129757,"☂️ Native assets support",2024-01-24,2024-02-20,22,3,0,3,https://github.com/flutter/flutter/issues/129757
flutter/flutter#89167,"Making NavigationRail scrollable",2024-01-24,2024-02-20,19,5,0,1,https://github.com/flutter/flutter/issues/89167
flutter/flutter#24233,"Dismissible widgets disable Tabview drag detection",2024-01-24,2024-02-20,16,13,0,1,https://github.com/flutter/flutter/issues/24233
flutter/flutter#129182,"[Flutter Web] Widgets not resizing (disappear) with browser zoom in / out",2024-01-24,2024-01-29,13,53,0,1,https://github.com/flutter/flutter/issues/129182
